{
	"arguments" :
	{
		 "gen_tot" : 5000,
		 "gen_step" : 200,
		 "pop_size" : 200,
		 "f_default" : 0.6,
		 "cr_default" : 0.8,
		 "f_jde" : 0.1,
		 "cr_jde" : 0.1,
		 "clamp_max" : 15,
		 "clamp_min" : -15,
		 "range_max" : 2,
		 "range_min" : -2,
		 "restart_count" : 2,
		 "restart_delta" : 0.02,
		 "threads_omp" : 2,
		 "threads_pop" : 8
	},
	"time" : 15.5726,
	"accuracy" : 0.866667,
	"f" : 1.02352,
	"cr" : 0.076694,
	"network" : [
		[[[3.29133222095968, -0.0955041911571236, -5.428951537287], [3.83193783731403, 1.85574503079134, -0.485691036051923], [-3.30033594553515, 0.0440042330146808, 15], [-15, -4.10147393650412, -0.398113005075913]],[[5.64535755301985, 4.25405345857593, -1.97583349254738]]]
	]
}
